{
  "project_info": {
    "project_number": "85970758228",
    "project_id": "reflex-fdf3e",
    "storage_bucket": "reflex-fdf3e.appspot.com"
  },
  "client": [
    {
      "client_info": {
        "mobilesdk_app_id": "1:85970758228:android:9e4756d8cdf8e1fcdd1bc1",
        "android_client_info": {
          "package_name": "com.example.reflex"
        }
      },
      "oauth_client": [
        {
          "client_id": "85970758228-u2icfuie0vkbj659k5v74mho3jaoj2km.apps.googleusercontent.com",
          "client_type": 3
        }
      ],
      "api_key": [
        {
          "current_key": "AIzaSyD0WZ9pTd-uSctaV0Un2ZbL9ndBoZRZaOo"
        }
      ],
      "services": {
        "appinvite_service": {
          "other_platform_oauth_client": [
            {
              "client_id": "85970758228-gsp6dqs2rohlr737ivjb339j6pjn9u89.apps.googleusercontent.com",
              "client_type": 3
            },
            {
              "client_id": "85970758228-0u01svtm8a6pn3id59i8kbpmd2mo4103.apps.googleusercontent.com",
              "client_type": 2,
              "ios_info": {
                "bundle_id": "com.example.reflex"
              }
            }
          ]
        }
      }
    }
  ],
  "configuration_version": "1"
}